,Batanes,Bohol,Catanduanes,Marinduque,Tawi-Tawi
WES250,897.5387,85.71140000000001,270.4054,153.51680000000002,72.3965
Vestas_V25_200kW,708.2120999999999,66.2183,210.55839999999998,118.3982,54.91610000000001
VesV20,364.469,27.500999999999998,107.71399999999998,58.803,23.199
En18,332.01986000000005,41.558319999999995,113.98824,66.84133,36.14985
JI20kW,44.4295,1.4045000000000003,8.264,3.8295000000000003,1.364
